name,mobile,street,city
Ahmed Ben Salah,+224621000001,12 Rue de la Paix,Conakry
Fatoumata Diallo,+224621000002,45 Avenue Centrale,Conakry
Mamadou Bah,+224621000001,78 Quartier Madina,Conakry
Ibrahim Sow,+224621000003,23 Rue du Commerce,Kindia
Aissatou Camara,+224621000002,56 Boulevard 8 Novembre,Conakry
Oumar Diallo,+224622000006,15 Rue Pasteur,Conakry
Mariama Keita,+224622000007,89 Avenue de la Republique,Conakry
Boubacar Barry,+224622000008,34 Rue des Fleurs,Coyah
Kadiatou Conde,+224622000009,67 Quartier Almamya,Conakry
Sekou Toure,+224622000010,11 Avenue Donka,Conakry
